AddressCountryCode,AddressStateCode,City,FacilityAddressID,FacilityID,FacilityStreetAddress1,FacilityStreetAddress2,FacilityStreetAddress3,LastUpdatedDate,PostalCode
USA,AZ,WILLIAMS,20439305,233957,,,,2024-11-26,86046
USA,AZ,WILLIAMS,20439303,233955,,,,2024-11-26,86046
USA,AZ,Prescott,20440316,251846,PRESCOTT NATIONAL FOREST,BRADSHAW RANGER DISTRICT,344 S. CORTEZ STREET,2024-11-26,86303
USA,AZ,Douglas,20440228,250019,,DOUGLAS RANGER DISTRICT,1192 W SADDLEVIEW ROAD,2024-11-26,85607
USA,AZ,Phoenix,20489202,275045,Hassayampa Field Office,21605 North 7th Avenue,,2018-10-12,85027
USA,AZ,Willcox,20438747,250901,12856 E Rhyolite Creek Rd,,,2024-11-26,85643
USA,AZ,Hereford,20438570,233226,4070 S Avenida Saracino,,,2024-11-26,85615
USA,AZ,Lake Havasu City,19810290,261843,Lake Havasu Field Office,1785 Kiowa Avenue,,2019-04-18,86403
USA,AZ,Mt. Lemmon,20437639,232284,10371 Rose Canyon Rd,,,2024-11-26,85619
USA,AZ,Gila Bend,10825,202059,46101 Rocky Point Rd,,,2018-10-12,85337
USA,AZ,,20437552,232196,APACHE-SITGREAVES,,,2024-11-26,
USA,AZ,,20437675,232320,COCONINO,,,2024-11-26,
USA,AZ,SEDONA,20437654,232299,333 RED ROCK CROSSING RD.,,,2024-11-26,86336
,AZ,Sedona,2322991000,232299,333 Red Rock Crossing RD,,,2024-11-26,86336
USA,AZ,,20249593,241550,,,,2018-10-12,
USA,AZ,,20249594,241551,,,,2018-10-12,
USA,AZ,,20265895,264749,,,,2018-10-12,
USA,AZ,WILLIAMS,20439798,234439,742 S. CLOVER RD,,,2024-11-26,86046
USA,AZ,Camp Verde,20440522,270420,PRESCOTT NATIONAL FOREST,VERDE RANGER DISTRICT,300 EAST HIGHWAY 260,2024-11-26,86322
USA,AZ,,20244303,237968,,,,2018-10-12,
USA,AZ,Tucson,20438567,233223,5700 N Sabino Canyon Rd,,,2024-11-26,85750
USA,AZ,Safford,20438759,233398,"711 14th Ave., STE D",,,2024-11-26,85546
USA,AZ,Safford,20438578,233234,"711 14th Avenue, Suite D",,,2024-11-26,85546
USA,AZ,,20437553,232197,APACHE-SITGREAVES,,,2024-11-26,
USA,AZ,Oracle,20438566,233222,Mount Lemmon Road,,,2024-11-26,85623
USA,AZ,,20249592,241549,,,,2018-10-12,
US,AZ,ROOSEVELT,2493080,249308,28079 N. AZ HWY 188,,,2024-11-26,85545
USA,AZ,Tucson,20440229,250033,,SANTA CATALINA RANGER DISTRICT,5700 N SABINO CANYON ROAD,2024-11-26,85750
USA,AZ,,20437500,232143,COCONINO,,,2024-11-26,
USA,AZ,,20244259,237912,,,,2018-10-12,
USA,AZ,North Rim,20437849,232489,NPS. GENERAL DELIVERY,,,2024-11-26,86052
USA,AZ,,20437504,232147,COCONINO,,,2024-11-26,
USA,AZ,Phoenix,19625315,261712,Lower Sonoran Field Office,21605 North 7th Ave,,2018-10-12,85027
USA,AZ,PRESCOTT,20437564,232209,PRESCOTT NATIONAL FOREST,BRADSHAW RANGER DISTRICT,344 S CORTEZ ST,2024-11-26,86301
USA,AZ,Globe,20440524,272095,7680 S. Six Shooter Canyon Road,,,2024-11-26,85501
USA,AZ,,20249591,241548,,,,2018-10-12,
USA,AZ,Phoenix,16635919,253995,Lower Sonoran Field Office,Sonoran Desert National Monument,21605 N. 7th Street,2019-10-18,85027
USA,AZ,FREDONIA,20439887,234529,"HC 64, BOX 65",,,2024-11-26,86022
USA,AZ,Sedona,20440062,234680,"Coconino National Forest, intersection of Forest Road 229 and 620",,,2024-11-26,86351
USA,AZ,Scottsdale,20440519,267559,40202 N Cave Creek Rd,,,2024-11-26,85262
USA,AZ,Kingman ,10000331,10000330,Kingman Field Office,2755 Mission Boulevard,,2018-11-29,86401
USA,AZ,,20437242,231884,APACHE-SITGREAVES,,,2024-11-26,
USA,AZ,WILLIAMS,20439304,233956,,,,2024-11-26,86046
USA,AZ,Wenden,9812605,247799,,,,2018-10-12,
USA,AZ,Hereford,20438568,233224,4070 S Avenida Saracino,,,2024-11-26,85615
USA,AZ,Roosevelt,20440257,266135,28079 N. AZ HWY 188,,,2024-11-26,85545
USA,AZ,,20244333,237997,,,,2018-10-12,
USA,AZ,,20249595,241552,,,,2018-10-12,
USA,AZ,,20249819,250775,,,,2018-10-12,
USA,AZ,Safford,20439982,234626,"711 14th Ave., Ste D ",,,2024-11-26,85546
USA,AZ,Prescott,20440602,273335,PRESCOTT NATIONAL FOREST,BRADSHAW RANGER DISTRICT,344 S. CORTEZ STREET,2024-11-26,86303
USA,AZ,FOREST LAKES,20437549,232193,MILE POST 287 - HIGHWAY 260,,,2024-11-26,
USA,AZ,Douglas,20438571,233227,1192 W. Saddleview Road,,,2024-11-26,85607
USA,AZ,DOUGLAS,20438523,233177,,DOUGLAS RANGER DISTRICT,1192 W. SADDLEWOOD ROAD,2024-11-26,85625
USA,AZ,Phoenix,20489203,275056,Hassayampa Field Office,21605 North 7th Avenue,,2018-10-12,85027
USA,AZ,Pearce,20438524,233178,West Ironwood Road,,,2024-11-26,85625
USA,AZ,FLAGSTAFF,20439818,234459,5075 N. HWY 89,,,2024-11-26,86004
USA,AZ,FLAGSTAFF,20439815,234456,5075 N. HWY 89,,,2024-11-26,86004
USA,AZ,NOGALES,20438763,233402,,NOGALES RANGER DISTRICT,303 OLD TUCSON ROAD,2024-11-26,85621
USA,AZ,,20244311,237976,,,,2018-10-12,
USA,AZ,,20437644,232289,COCONINO,,,2024-11-26,
USA,AZ,,20437560,232205,APACHE-SITGREAVES,,,2024-11-26,
USA,AZ,Safford,20438761,233400,"711 14th Avenue, Suite D",,,2024-11-26,85546
USA,AZ,Yuma,423845,12812,Visitor Center and Headquarters,9300 East 28th Street,,0001-01-01,85365
USA,AZ,Globe,20440523,272097,7680 S. Six Shooter Canyon Road,,,2024-11-26,85501
USA,AZ,,20248693,238003,,,,2018-10-12,
US,AZ,ROOSEVELT,2493120,249312,28079 N. AZ HWY 188,,,2024-11-26,85545
USA,AZ,,20249605,241562,,,,2018-10-12,
USA,AZ,CAMP VERDE,20439235,233887,PRESCOTT NATIONAL FOREST,VERDE RANGER DISTRICT,300 EAST HIGHWAY 260,2024-11-26,86322
USA,AZ,Nogales,20438565,233221,303 Old Tucson Road,,,2024-11-26,85621
USA,AZ,ROOSEVELT,2492910,249291,28079 N. AZ HWY 188,,,2024-11-26,85545
USA,AZ,,20244314,237979,,,,2018-10-12,
USA,AZ,SEDONA,20439646,234287,5900 N HW 89A,,,2024-11-26,86336
,AZ,Sedona,2342871000,234287,5900 N. Hwy 89A,,,2024-11-26,86336
USA,AZ,MT. LEMMON,20439921,234564,11200 N. WHITETAIL ROAD,,,2024-11-26,85619
USA,AZ,,20437555,232200,APACHE-SITGREAVES,,,2024-11-26,
USA,AZ,,10074577,10074565,,,,2020-08-23,
USA,AZ,Lake Havasu City,20440638,274288,1785 Kiowa Ave,,,2024-11-26,86403
USA,AZ,Grand Canyon,20437850,232490,P.O Box 129,,,2024-11-26,86023
USA,AZ,Prescott,20440352,251964,PRESCOTT NATIONAL FOREST,344 S. CORTEZ STREET,,2024-11-26,86303
USA,AZ,GRAND CANYON,20439846,234488,"HWY 64, ADMIN SITE PO BOX 3088",,,2024-11-26,86023
USA,AZ,,20244248,237904,,,,2018-10-12,
USA,AZ,PRESCOTT,20439908,234550,PRESCOTT NATIONAL FOREST,BRADSHAW RANGER DISTRICT,344 S CORTEZ ST,2024-11-26,86301
USA,AZ,Safford,20439983,234627,"711 14th Ave., Ste D",,,2024-11-26,85546
USA,AZ,,20265862,264716,,,,2018-10-12,
USA,AZ,Douglas,20440235,250027,,DOUGLAS RANGER DISTRICT,1192 W. SADDLE VIEW ROAD,2024-11-26,85607
USA,AZ,,20437558,232203,APACHE-SITGREAVES,,,2024-11-26,
USA,AZ,Yuma,10307052,262678,Bureau of Land Management,Yuma Field Office,,2024-02-21,85365
USA,AZ,Prescott,20440148,234759,PRESCOTT NATIONAL FOREST,BRADSHAW RANGER DISTRICT,344 S. CORTEZ STREET,2024-11-26,86303-4398
USA,AZ,,20437546,232190,APACHE-SITGREAVES,,,2024-11-26,
USA,AZ,,20249590,241547,,,,2018-10-12,
USA,AZ,,20249620,241582,,,,2018-10-12,
USA,AZ,Safford,20438577,233233,"711 14th Avenue, Suite D",,,2024-11-26,85546
,AZ,KINGMAN,100003050,10000305,2755 MISSION BLVD.,,,2024-11-26,86401
USA,AZ,Tucson,20438564,233220,5700 N. Sabino Canyon Road,,,2024-11-26,85750
USA,AZ,Payson,20440312,251764,1009 East Highway 260,,,2024-11-26,85541
USA,AZ,Springerville,20440090,234708,Apache Sitgreaves National Forest,,,2024-11-26,85938
USA,AZ,"SEDONA,",20439236,233888,300 RED ROCK CROSSING RD,,,2024-11-26,86351
,AZ,Sedona,2338881000,233888,300 RED ROCK CROSSING RD,,,2024-11-26,86351
USA,AZ,SEDONA,20437550,232194,11345 N. HIGHWAY 89A,,,2024-11-26,86336
USA,AZ,,20437551,232195,APACHE-SITGREAVES,,,2024-11-26,
USA,AZ,Grand Canyon,20438587,233242,PO Box 3088,,,2024-11-26,86023
US,AZ,ROOSEVELT,2492540,249254,28079 N. AZ HWY 188,,,2024-11-26,85545
USA,AZ,Tucson,20438563,233219,5700 N. Sabino Canyon Road,,,2024-11-26,85750
USA,AZ,PRESCOTT,20437563,232208,PRESCOTT NATIONAL FOREST,BRADSHAW RANGER DISTRICT,344 S CORTEZ ST,2024-11-26,86301
USA,AZ,,16635915,253991,Arizona Strip Field Office,,,2018-10-12,
USA,AZ,,20249603,241560,,,,2018-10-12,
USA,AZ,Fredonia,20440315,251825,"430 S Main St, PO Box 248",,,2024-11-26,86022
USA,AZ,Phoenix,16635920,253996,Lower Sonoran Field Office ,21605 North 7th Avenue,,2018-10-12,85027
USA,AZ,Prescott,20440151,234762,PRESCOTT NATIONAL FOREST,BRADSHAW RANGER DISTRICT,344 S. CORTEZ STREET,2024-11-26,86303
USA,AZ,,20437547,232191,APACHE-SITGREAVES,,,2024-11-26,
USA,AZ,,20244260,237913,,,,2018-10-12,
USA,AZ,COCONINO,20439276,233928,,,,2024-11-26,
USA,AZ,,20248725,238017,,,,2018-10-12,
USA,AZ,,20437559,232204,APACHE-SITGREAVES,,,2024-11-26,
USA,AZ,,20437640,232285,CORONADO,,,2024-11-26,
USA,AZ,Safford,20438760,233399,"711 14th Avenue, Suite D",,,2024-11-26,85546
USA,AZ, Prescott,20437562,232207,PRESCOTT NATIONAL FOREST,BRADSHAW RANGER DISTRICT,344 SOUTH CORTEZ STREET ,2024-11-26,86303
USA,AZ,,20439301,233953,,,,2024-11-26,
USA,AZ,,20437548,232192,APACHE-SITGREAVES,,,2024-11-26,
USA,AZ,ALPINE,20439873,234515,ALPINE RANGER DISTRICT,PO BOX 469,,2024-11-26,85920
USA,AZ,,20244332,237996,,,,2018-10-12,
USA,AZ,,20248722,238013,,,,2018-10-12,
USA,AZ,,20265861,264715,,,,2018-10-12,
USA,AZ,,20265860,264714,,,,2018-10-12,
USA,AZ,,20319292,271988,,,,2018-10-12,
USA,AZ,Prescott,20438649,233306,PRESCOTT NATIONAL FOREST,BRADSHAW RANGER DISTRCIT,344 S. CORTEZ ST.,2024-11-26,86303-4398
USA,AZ,Prescott,20440457,256933,PRESCOTT NATIONAL FOREST,BRADSHAW RANGER DISTRICT,344 S. CORTEZ STREET,2024-11-26,86303
USA,AZ,PRESCOTT,20439420,234077,PRESCOTT NATIONAL FOREST,344 S. CORTEZ STREET,,2024-11-26,86303
USA,AZ,,20244261,237915,,,,2018-10-12,
USA,AZ,Bullhead City,10824,200028,Mohave County Parks Department,2251 Highway 68,,2018-10-12,86429
USA,AZ,,20437501,232144,COCONINO,,,2024-11-26,
USA,AZ,CAMP VERDE,20437561,232206,PRESCOTT NATIONAL FOREST,VERDE RANGER DISTRICT,300 E HIGHWAY 260,2024-11-26,86322
USA,AZ,Roosevelt,20440246,266136,28079 N. AZ Hwy 188,,,2024-11-26,85545
USA,AZ,LAKESIDE,20437243,231885,2022 W. WHITE MOUNTAIN BLVD,,,2024-11-26,85929
USA,AZ,Fredonia,20440114,234722,HC 64 Box 65,,,2024-11-26,86022
USA,AZ,NOGALES,20438516,233169,,NOGALES RANGER DISTRICT,303 OLD TUCSON ROAD,2024-11-26,85621
USA,AZ,,20265932,264781,,,,2018-10-12,
USA,AZ,Yuma,17267637,201883,Yuma Field Office,"7341 E. 30th St., Suite A",,2018-10-12,85365
USA,AZ,,20265870,264724,,,,2018-10-12,
USA,AZ,,20249615,241578,,,,2018-10-12,
USA,UT,Price,18089725,257029,125 South 600 West,,,2018-10-12,84501
USA,UT,DUCHESNE,20439077,233719,PO BOX 981,,,2024-11-26,84021
USA,UT,,20243685,235069,,,,2018-10-12,
USA,UT,Moab,20440007,251843,MOAB FIELD OFFICE,82 E. DOGWOOD AVE.,,2024-11-26,84532
USA,CO,,20254673,252621,,,,2018-10-12,
USA,UT,,20254674,252621,,,,2018-10-12,
USA,UT,FERRON,20439240,233892,USFS - FERRON/PRICE RANGER DISTRICT,115 WEST CANYON ROAD,PO BOX 310,2024-11-26,84523
USA,UT,Moab,862780,14493,Moab Field Office,82 East Dogwood,,0001-01-01,84532
USA,UT,St. George,18107071,257093,345 East Riverside Drive,,,2018-10-12,84790
USA,UT,Salt Lake City,17237544,202206,Salt Lake Field Office,2370 South 2300 W.,,2018-10-12,84119
USA,WY,,20246361,247316,,,,2018-10-12,
USA,UT,,20246362,247316,,,,2018-10-12,
USA,WY,,20247057,239103,,,,2018-10-12,
USA,ID,,20247058,239103,,,,2018-10-12,
USA,UT,,20247059,239103,,,,2018-10-12,
USA,UT,,20240844,245334,,,,2018-10-12,
USA,UT,FILLMORE,20439661,234302,390 SOUTH MAIN,,,2024-11-26,84631
USA,UT,Moab,826538,14507,Moab Field Office,82 East Dogwood Avenue,,0001-01-01,84532
USA,UT,Jensen,20440140,234751,PO Box 128,,,2024-11-26,84035
USA,WY,,20246757,238999,,,,2018-10-12,
USA,ID,,20246758,238999,,,,2018-10-12,
USA,UT,,20246759,238999,,,,2018-10-12,
USA,UT,Springdale,20440548,272266,State Hwy 9,,,2024-11-26,84767
USA,UT,Moab,20440005,251840,MOAB FIELD OFFICE,82 E. DOGWOOD AVE,,2024-11-26,84532
USA,NV,,20241839,243872,,,,2018-10-12,
USA,CA,,20241840,243872,,,,2018-10-12,
USA,UT,,20241841,243872,,,,2018-10-12,
USA,UT,,20240854,245347,,,,2018-10-12,
USA,UT,St. George,18107076,257098,347 East Riverside Drive,,,2018-10-12,84790
USA,WY,,20245655,248867,,,,2018-10-12,
USA,UT,,20245656,248867,,,,2018-10-12,
USA,UT,Moab,17727905,255278,82 East Dogwood Avenue,,,2019-10-24,84532
USA,UT,FERRON ,20439151,233798,115 WEST CANYON ROAD,,,2024-11-26,84523
USA,WY,,20246123,247164,,,,2018-10-12,
USA,UT,,20246124,247164,,,,2018-10-12,
USA,WY,,20245861,247011,,,,2018-10-12,
USA,UT,,20245862,247011,,,,2018-10-12,
USA,UT,MANILA,20437259,231902,PO BOX 279,,,2024-11-26,84046
USA,ID,,20247430,245228,,,,2018-10-12,
USA,UT,,20247431,245228,,,,2018-10-12,
USA,NV,,20241857,243878,,,,2018-10-12,
USA,CA,,20241858,243878,,,,2018-10-12,
USA,UT,,20241859,243878,,,,2018-10-12,
USA,WY,,20245499,236578,,,,2018-10-12,
USA,UT,,20245500,236578,,,,2018-10-12,
USA,UT,St. George,18089752,257057,353 East Riverside Drive,,,2018-10-12,84790
USA,UT,CEDAR CITY,20437477,232122,DIXIE NATIONAL FOREST,1789 N WEDGEWOOD LANE,,2024-11-26,84721
USA,UT,Price,18069042,256908,125 South 600 West,,,2018-10-12,84501
USA,UT,,20243748,235138,,,,2018-10-12,
USA,UT,MOAB,20440006,251837,MOAB FIELD OFFICE,82 E. DOGWOOD AVE.,,2024-11-26,84532
,UT,Moab,2518371000,251837,Moab Field Office,82 E. Dogwood Ave.,,2024-11-26,84532
USA,UT,St. George,18107199,257227,353 East Riverside Drive,,,2018-10-12,84790
USA,UT,St. George,18107191,257219,353 East Riverside Drive,,,2018-10-12,84790
USA,UT,St. George,18107079,257101,350 East Riverside Drive,,,2018-10-12,84790
USA,UT,Kanab,18107155,257180,Kanab Field Office,669 S Highway 89A,,2020-04-07,84741
USA,UT,Moab,17660121,202158,Moab Field Office,82 East Dogwood,,2018-10-12,84532
USA,UT,Manila,20438558,233214,Ashley National Forest,,,2024-11-26,84046
USA,ID,,20247372,245192,,,,2018-10-12,
USA,UT,,20247373,245192,,,,2018-10-12,
USA,NV,,20242121,243975,,,,2018-10-12,
USA,CA,,20242122,243975,,,,2018-10-12,
USA,UT,,20242123,243975,,,,2018-10-12,
USA,UT,Highway 12,20437274,231917,Mile Marker 111,,,2024-11-26,84747
USA,WY,,20245903,247042,,,,2018-10-12,
USA,UT,,20245904,247042,,,,2018-10-12,
USA,WY,,20246970,239072,,,,2018-10-12,
USA,ID,,20246971,239072,,,,2018-10-12,
USA,UT,,20246972,239072,,,,2018-10-12,
USA,UT,CEDAR CITY,20440604,273759,DIXIE NATIONAL FOREST,,,2024-11-26,84721
USA,WY,,20247069,239107,,,,2018-10-12,
USA,ID,,20247070,239107,,,,2018-10-12,
USA,UT,,20247071,239107,,,,2018-10-12,
USA,UT,,18107156,257181,,,,2018-10-12,84741
USA,WY,,20246129,247167,,,,2018-10-12,
USA,UT,,20246130,247167,,,,2018-10-12,
USA,UT,St. George,18089747,257052,353 East Riverside Drive,,,2018-10-12,84790
USA,UT,Price,18107217,257246,125 South 600 West,,,2018-10-12,84501
USA,UT,DUCK CREEK,20439325,233978,AUD & DI CAMPGROUNDS HC-82 BOX 1158,,,2024-11-26,84762
USA,UT,St. George,18089748,257053,353 East Riverside Drive,,,2018-10-12,84790
USA,UT,Price,18089739,257043,125 South 600 West,,,2018-10-12,84501
USA,UT,,20332767,272101,,,,2018-10-12,
USA,UT,Price,20440136,234745,Bureau oF Land Management Price Field Office - Desolation River  <br/>    125 South 600 West ,,,2024-11-26,84501
USA,NV,,20241851,243876,,,,2018-10-12,
USA,CA,,20241852,243876,,,,2018-10-12,
USA,UT,,20241853,243876,,,,2018-10-12,
USA,UT,St. George,18107205,257234,353 East Riverside Drive,,,2018-10-12,84790
USA,UT,Moab,20440000,251834,MOAB FIELD OFFICE,82 E. DOGWOOD AVE,,2024-11-26,84532
USA,UT,Price,18089733,257037,125 South 600 West,,,2018-10-12,84501
USA,UT,Ferron,20440233,250037,FERRON-PRICE RANGER DISTRICT,115 WEST CANYON ROAD,PO BOX 310,2024-11-26,84523
USA,UT,Moab,17727907,255308,Moab Field Office ,82 East Dogwood,,2018-10-12,84532
USA,WY,,20245465,236559,,,,2018-10-12,
USA,UT,,20245466,236559,,,,2018-10-12,
USA,NV,,20242163,248581,,,,2018-10-12,
USA,CA,,20242164,248581,,,,2018-10-12,
USA,UT,,20242165,248581,,,,2018-10-12,
USA,ID,,20247552,245304,,,,2018-10-12,
USA,UT,,20247553,245304,,,,2018-10-12,
USA,UT,St. George,18107075,257097,346 East Riverside Drive,,,2018-10-12,84790
USA,UT,,20243686,235070,,,,2018-10-12,
USA,UT,DUCK CREEK ,20439203,233855,AUD & DI CAMPGROUNDS HC-82 BOX 1158,,,2024-11-26,84762
USA,UT,"EPHRAIM,",20437280,231923,540 NORTH MAIN STREET,,,2024-11-26,84627
USA,UT,Richfield,18107130,257154,150 East 90 North,,,2018-10-12,84701
USA,UT,St. George,18107073,257095,345 East Riverside Drive,,,2018-10-12,84790
USA,UT,Moab,20438754,251535,2282 SW Resource Blvd,,,2024-11-26,84532
USA,CO,,10048853,10048852,,,,2020-04-09,
USA,UT,,10048854,10048852,,,,2020-04-09,
USA,UT,Fillmore,18107092,257116,95 East 500 North,,,2018-10-12,84631
USA,UT,LOA,20439667,234308,138 SOUTH MAIN ST.,,,2024-11-26,84747
USA,UT,Moab,18069029,256895,82 East Dogwood,,,2018-10-12,84532
USA,UT,VERNAL,20439674,234315,355 N Vernal Ave,,,2024-11-26,84078
USA,WY,,20246119,247162,,,,2018-10-12,
USA,UT,,20246120,247162,,,,2018-10-12,
USA,UT,Price,18089731,257035,125 South 600 West,,,2018-10-12,84501
USA,UT,DUCHESNE,20439148,233795,PO BOX 981,,,2024-11-26,84021
USA,UT,Pleasant Grove,20279394,251579,260 S 2500 W,,,2024-11-26,84062
USA,UT,St. George,18107149,257174,352 East Riverside Drive,,,2018-10-12,84790
USA,WY,,20245497,236577,,,,2018-10-12,
USA,UT,,20245498,236577,,,,2018-10-12,
USA,UT,DUCHESNE,20437267,231910,PO BOX 981,,,2024-11-26,84021
USA,UT,Monticello,20440362,251941,BLM MONTICELLO FIELD OFFICE,PO BOX 7,,2024-11-26,84535
USA,ID,,20247394,245210,,,,2018-10-12,
USA,UT,,20247395,245210,,,,2018-10-12,
USA,UT,Moab,18069040,256906,82 East Dogwood,,,2018-10-12,84532
USA,WY,,20315213,271419,,,,2018-10-12,
USA,UT,,20315214,271419,,,,2018-10-12,
USA,UT,St. George,18089751,257056,353 East Riverside Drive,,,2018-10-12,84790
USA,UT,,20437263,231906,ASHLEY,,,2024-11-26,
USA,UT,Price,18089744,257048,125 South 600 West,,,2018-10-12,84501
USA,UT,Loa,20438497,233150,138 South Main St.,,,2024-11-26,84747
USA,UT,Price,18089689,256993,125 South 600 West,,,2018-10-12,84501
USA,UT,,20437260,231903,ASHLEY,,,2024-11-26,
USA,UT,EPHRAIM,20437765,232409,540 NORTH MAIN STREET,,,2024-11-26,84627
USA,UT,FERRON,20437281,231924,FERRON-PRICE RANGER DISTRICT,115 WEST CANYON ROAD,PO BOX 310,2024-11-26,84523
USA,UT,St. George,18089696,257000,345 East Riverside Drive,,,2018-10-12,84790
USA,UT,Moab,18107109,257133,82 East Dogwood,,,2018-10-12,84532
USA,UT,BRYCE,20439403,234058,P.O. BOX 640201 BRYCE CANYON,,,2024-11-26,84764
USA,UT,FERRON ,20437608,232253,115 WEST CANYON ROAD,,,2024-11-26,84523
USA,UT,LOA,20439625,234265,138 SOUTH MAIN ST.,,,2024-11-26,84747
USA,UT,MANILA,20439465,234122,BOX 10,,,2024-11-26,84046
USA,UT,CEDAR CITY,20440603,273822,DIXIE NATIONAL FOREST,,,2024-11-26,84721
USA,ID,,20247568,245319,,,,2018-10-12,
USA,UT,,20247569,245319,,,,2018-10-12,
USA,UT,MANILA,20437254,231897,PO BOX 279,,,2024-11-26,84046
USA,UT,,10074582,10074570,,,,2020-08-23,
USA,WY,,20246457,247367,,,,2018-10-12,
USA,UT,,20246458,247367,,,,2018-10-12,
USA,UT,St. George,18107072,257094,345 East Riverside Drive,,,2018-10-12,84790
USA,NV,,20241845,243874,,,,2018-10-12,
USA,CA,,20241846,243874,,,,2018-10-12,
USA,UT,,20241847,243874,,,,2018-10-12,
USA,UT,Kanab,18107151,257176,Kanab Field Office,669 S Highway 89A,,2020-03-26,84741
USA,UT,St. George,18107201,257229,353 East Riverside Drive,,,2018-10-12,84790
USA,UT,St. George,18107192,257220,353 East Riverside Drive,,,2018-10-12,84790
USA,UT,,20243687,235073,,,,2018-10-12,
USA,ID,,20247366,245189,,,,2018-10-12,
USA,UT,,20247367,245189,,,,2018-10-12,
USA,UT,Monticello,20440403,252280,BLM  MONTICELLO FIELD OFFICE,PO BOX 7,,2024-11-26,84535
USA,UT,,20437273,231916,DIXIE,,,2024-11-26,
USA,UT,Price,18089643,256946,125 South 600 West,,,2018-10-12,84501
USA,UT,St. George,18107070,257092,345 East Riverside Drive,,,2018-10-12,84790
USA,WY,,20245651,248861,,,,2018-10-12,
USA,UT,,20245652,248861,,,,2018-10-12,
USA,ID,,20247278,245138,,,,2018-10-12,
USA,UT,,20247279,245138,,,,2018-10-12,
USA,UT,VERNAL,20439653,234294,355 N Vernal Ave,,,2024-11-26,84078
USA,UT,St. George,18107198,257226,353 East Riverside Drive,,,2018-10-12,84790
USA,UT,DUTCH JOHN,20439172,233823,RED CANYON COMPLEX,,,2024-11-26,84023
USA,UT,MANILA,20437258,231901,ASHLEY NATL FOREST PO BOX 279,,,2024-11-26,84046
USA,UT,Fillmore,18089691,256995,95 East 500 North,,,2018-10-12,84631
USA,UT,Ferron,20440234,250039,"115 West Canyon Road, P.O. Box 310",,,2024-11-26,84523
USA,UT,MANILA,20437265,231908,PO BOX 279,,,2024-11-26,84046
USA,WY,,20246904,239049,,,,2018-10-12,
USA,ID,,20246905,239049,,,,2018-10-12,
USA,UT,,20246906,239049,,,,2018-10-12,
USA,UT,Moab,20440435,255118,MOAB FIELD OFFICE,82 E. DOGWOOD AVE.,,2024-11-26,84532
USA,UT,EPHRAIM,20437767,232411,540 NORTH MAIN STREE,,,2024-11-26,84627
USA,UT,Jensen,20440479,259557,P.O. Box 128,,,2024-11-26,84035
USA,UT,Price,18089642,256945,125 South 600 West,,,2018-10-12,84501
USA,UT,FERRON ,20437770,232414,"115 WEST CANYON ROAD,",,,2024-11-26,84523
USA,UT,Price,18089636,256939,125 South 600 West,,,2018-10-12,84501
USA,UT,VERNAL,20439676,234317,355 N Vernal Ave,,,2024-11-26, 84078
USA,UT,Dixie,20437271,231914,,,,2024-11-26,
USA,NV,,20241863,243880,,,,2018-10-12,
USA,CA,,20241864,243880,,,,2018-10-12,
USA,UT,,20241865,243880,,,,2018-10-12,
USA,UT,St. George,18107197,257225,353 East Riverside Drive,,,2018-10-12,84790
USA,UT,MANILA,20437262,231905,PO BOX 279,,,2024-11-26,84046
USA,UT,Hanksville ,18107133,257157,380 South 100 West,,,2018-10-12,84734
USA,UT,Price,18089656,256959,125 South 600 West,,,2018-10-12,84501
USA,UT,Moab,20440405,253457,MOAB FIELD OFFICE,82 E. DOGWOOD AVE.,,2024-11-26,84532
USA,UT,Fillmore,18089693,256997,95 East 500 North,,,2018-10-12,84631
USA,UT,St. George,18107078,257100,349 East Riverside Drive,,,2018-10-12,84790
USA,UT,Price,18069043,256909,Price Field Office ,125 South 600 West,,2018-10-12,84501
USA,UT,Pine Valley ,20440104,234713,North Pine Valley Road,,,2024-11-26,84781 
USA,UT,DUCHESNE,20439146,233793,PO BOX 981,,,2024-11-26,84021
USA,WY,,20245461,236556,,,,2018-10-12,
USA,UT,,20245462,236556,,,,2018-10-12,
USA,UT,Price,18089732,257036,125 South 600 West,,,2018-10-12,84501
USA,WY,,20246061,247125,,,,2018-10-12,
USA,UT,,20246062,247125,,,,2018-10-12,
USA,WY,,20245471,236563,,,,2018-10-12,
USA,UT,,20245472,236563,,,,2018-10-12,
USA,UT,Moab,17524898,202130,Moab Field Office,82 East Dogwood,,2018-10-12,84532
USA,WY,,20246766,239002,,,,2018-10-12,
USA,ID,,20246767,239002,,,,2018-10-12,
USA,UT,,20246768,239002,,,,2018-10-12,
USA,UT,Torrey,20440546,272245,HC 70 BOX 15,,,2024-11-26,84775
USA,UT,CEDAR CITY,20437272,231915,DIXIE NATIONAL FOREST,1789 N WEDGEWOOD LANE,,2024-11-26,84721
USA,WY,,20245753,246945,,,,2018-10-12,
USA,UT,,20245754,246945,,,,2018-10-12,
USA,WY,,20247066,239106,,,,2018-10-12,
USA,ID,,20247067,239106,,,,2018-10-12,
USA,UT,,20247068,239106,,,,2018-10-12,
USA,ID,,20247374,245194,,,,2018-10-12,
USA,UT,,20247375,245194,,,,2018-10-12,
USA,UT,St. George,18107074,257096,345 East Riverside Drive,,,2018-10-12,84790
USA,UT,Ephraim,20438726,233385,540 N Main ,,,2024-11-26,84627
USA,UT,Moab,17524900,202146,Moab Field Office,82 East Dogwood,,2018-10-12,84532
USA,UT,Moab,17524893,202151,Moab Field Office,82 East Dogwood,,2018-10-12,84532
USA,UT,Price,18089726,257030,125 South 600 West,,,2018-10-12,84501
USA,UT,Moab,17538455,202161,Moab Field Office,82 East Dogwood Avenue,,2019-10-24,84532
USA,UT,Price,18089634,256937,125 South 600 West,,,2018-10-12,84501
USA,UT,EPHRAIM,20437764,232408,540 NORTH MAIN STREET,,,2024-11-26, 84627
USA,UT,,18107163,257188,,,,2018-10-12,84741
USA,UT,CEDAR CITY,20437381,232026,DIXIE NF,.,,2024-11-26,84721
USA,UT,FERRON,20438499,233152,US FOREST SERVICE,115 WEST CANYON ROAD,PO BOX 310,2024-11-26,84523
USA,ID,,20247320,245159,,,,2018-10-12,
USA,UT,,20247321,245159,,,,2018-10-12,
USA,UT,DUTCH JOHN,20439173,233824,RED CANYON COMPLEX,,,2024-11-26,84023
USA,UT,BRYCE,20439423,234079,P.O. BOX 640201 BRYCE CANYON,,,2024-11-26,84764
USA,WY,,20246461,247369,,,,2018-10-12,
USA,UT,,20246462,247369,,,,2018-10-12,
USA,ID,,20247432,245230,,,,2018-10-12,
USA,UT,,20247433,245230,,,,2018-10-12,
USA,UT,VERNAL,20439652,234293,355 N Vernal Ave,,,2024-11-26,84078
USA,UT,Hanksville ,18107135,257159,Henry Mountains Field Station,380 South 100 West,,2018-10-12,84734
USA,ID,,20247328,245164,,,,2018-10-12,
USA,UT,,20247329,245164,,,,2018-10-12,
USA,UT,Moab,18107121,257145,82 East Dogwood,,,2019-09-20,84532
USA,UT,St. George,18107193,257221,353 East Riverside Drive,,,2018-10-12,84790
USA,ID,,20247330,245165,,,,2018-10-12,
USA,UT,,20247331,245165,,,,2018-10-12,
USA,UT,Price,18089723,257027,Price Field Office ,125 South 600 West,,2018-10-12,84501
USA,UT,MANILA,20437257,231900,ASHLEY NATL FOREST PO BOX 279,,,2024-11-26,84046
USA,ID,,20247378,245197,,,,2018-10-12,
USA,UT,,20247379,245197,,,,2018-10-12,
USA,NV,,20241926,243903,,,,2018-10-12,
USA,CA,,20241927,243903,,,,2018-10-12,
USA,UT,,20241928,243903,,,,2018-10-12,
USA,UT,Moab,20439998,251836,82 E Dogwood,,,2024-11-26,84532
USA,UT,ESCALANTE,20439886,234528,P.O BOX 246,,,2024-11-26,84726
USA,WY,,20245863,247012,,,,2018-10-12,
USA,UT,,20245864,247012,,,,2018-10-12,
USA,UT,DUCK CREEK,20438632,233288,AUD & DI CAMPGROUNDS HC82 BOX 1158,,,2024-11-26,84762
USA,UT,EPHRAIM,20437772,232416,540 NORTH MAIN STREET,,,2024-11-26,84627
USA,UT,VERNAL,20439675,234316,355 N Vernal Ave,,,2024-11-26,84078
USA,UT,St. George,18107204,257233,353 East Riverside Drive,,,2018-10-12,84790
USA,UT,MOAB,20439404,234059,2282 S. WEST RESOURCE BLVD,,,2024-11-26,84532-0907
USA,UT,St. George,18107077,257099,348 East Riverside Drive,,,2018-10-12,84790
USA,WY,,20246131,247168,,,,2018-10-12,
USA,UT,,20246132,247168,,,,2018-10-12,
USA,UT,,20314538,270821,,,,2018-10-12,
USA,UT,,18107126,257150,,,,2018-10-12,84741
USA,UT,Springdale,20437805,232445,S.R. 9,,,2024-11-26,84767
USA,UT,Price,18089736,257040,125 South 600 West,,,2018-10-12,84501
USA,UT,Price,18089721,257025,125 South 600 West,,,2018-10-12,84501
USA,UT,DUCHESNE,20439145,233792,PO BOX 981,,,2024-11-26,84021
USA,UT,St. George,18089750,257055,353 East Riverside Drive,,,2018-10-12,84790
USA,ID,,20247386,245205,,,,2018-10-12,
USA,UT,,20247387,245205,,,,2018-10-12,
USA,UT,FILLMORE,20439656,234297,390 SOUTH MAIN,,,2024-11-26,84631
USA,UT,Richfield,18107132,257156,150 East 90 North,,,2018-10-12,84701
USA,UT,Moab,17524895,202152,Moab Field Office,82 East Dogwood,,2018-10-12,84532
USA,UT,Moab,17727903,231769,Moab Field Office,82 East Dogwood,,2018-10-12,84532
USA,UT,Jensen,20440172,234777,PO Box 128,,,2024-11-26,84035
USA,UT,St. George,18107194,257222,353 East Riverside Drive,,,2018-10-12,84790
USA,UT,Moab,18089645,256948,Moab Field Office ,82 East Dogwood,,2018-10-12,84532
USA,UT,Price,18089640,256943,125 South 600 West,,,2018-10-12,84501
USA,NV,,20241860,243879,,,,2018-10-12,
USA,CA,,20241861,243879,,,,2018-10-12,
USA,UT,,20241862,243879,,,,2018-10-12,
USA,UT,FERRON,20439194,233846,"115 WEST CANYON ROAD,",,,2024-11-26,84523
USA,UT,ESCALANTE,20439279,233931,PO BOX 246,,,2024-11-26,84726
USA,UT,Moab,20440001,251835,MOAB FIELD OFFICE,82 E. DOGWOOD AVE.,,2024-11-26,84532
USA,UT,Fillmore,18107225,257254,95 East 500 North,,,2018-10-12,84631
USA,UT,St. George,18107207,257236,353 East Riverside Drive,,,2018-10-12,84790
USA,NV,,20241842,243873,,,,2018-10-12,
USA,CA,,20241843,243873,,,,2018-10-12,
USA,UT,,20241844,243873,,,,2018-10-12,
USA,WY,,20247060,239104,,,,2018-10-12,
USA,ID,,20247061,239104,,,,2018-10-12,
USA,UT,,20247062,239104,,,,2018-10-12,
USA,ID,,20247316,245158,,,,2018-10-12,
USA,UT,,20247317,245158,,,,2018-10-12,
USA,UT,Moab,18089650,256953,Moab Field Office ,82 East Dogwood,,2018-10-12,84532
USA,UT,,20240870,245369,,,,2018-10-12,
USA,UT,Fillmore,18107224,257253,95 East 500 North,,,2018-10-12,84631
USA,ID,,20247500,245273,,,,2018-10-12,
USA,UT,,20247501,245273,,,,2018-10-12,
USA,UT,Richfield,18051746,256887,150 East 90 North,,,2018-10-12,84701
USA,UT,DUCK CREEK,20439202,233854,AUD & DI CAMPGROUNDS HC-82 BOX 1158,,,2024-11-26,84762
USA,UT,CEDAR CITY,20437465,232110,DIXIE NATIONAL FOREST,1789 N WEDGEWOOD LANE,,2024-11-26,84721
USA,UT,St. George,18089749,257054,353 East Riverside Drive,,,2018-10-12,84790
USA,ID,,20247392,245209,,,,2018-10-12,
USA,UT,,20247393,245209,,,,2018-10-12,
USA,UT,CEDAR CITY,20437394,232039,1789 N WEDGEWOOD LANE,,,2024-11-26,84721
USA,UT,St. George,18107148,257173,351 East Riverside Drive,,,2018-10-12,84790
USA,UT,Fillmore,18089694,256998,95 East 500 North,,,2018-10-12,84631
USA,NV,,20241869,243885,,,,2018-10-12,
USA,CA,,20241870,243885,,,,2018-10-12,
USA,UT,,20241871,243885,,,,2018-10-12,
USA,UT,Vernal,10712,203845,1380 South 2350 West,,,2018-10-12,84078-2042
USA,UT,DUTCH JOHN,20439170,233821,HWY 44,,,2024-11-26,84023
USA,UT,ROOSEVELT,20439165,233816,650 W HWY 40 PO BOX 127,,,2024-11-26,84066
USA,UT,"Loa, Utah",20437278,231921,"138 South Main, PO BOX 129",,,2024-11-26,84747
USA,UT,Fillmore,18107093,257117,95 East 500 North,,,2018-10-12,84631
USA,UT,DUTCH JOHN,20439168,233819,RED CANYON COMPLEX,,,2024-11-26,84023
USA,UT,MANILA,20439343,233996,P.O. BOX 279,,,2024-11-26,84046
USA,UT,Kanab,10006178,10006177,Kanab Field Office,669 S Highway 89A,,2020-03-23,84741
USA,UT,St. George,18107203,257232,353 East Riverside Drive,,,2018-10-12,84790
USA,UT,MOAB,100121410,10012141,82 E. DOGWOOD AVE.,,,2024-11-26,84532
,UT,Westwater,100121411000,10012141,Westwater Ranger Station,,,2024-11-26,
,UT,Moab,100121412000,10012141,82 E. Dogwood,,,2024-11-26,84532
USA,UT,St. George,18107195,257223,353 East Riverside Drive,,,2018-10-12,84790
USA,UT,,18107159,257184,,,,2018-10-12,84741
USA,UT,FERRON ,20437768,232412,115 WEST CANYON ROAD,,,2024-11-26,84523
USA,WY,,20246159,247184,,,,2018-10-12,
USA,UT,,20246160,247184,,,,2018-10-12,
USA,UT,St. George,18107196,257224,353 East Riverside Drive,,,2018-10-12,84790
USA,UT,Price,18089717,257021,125 South 600 West,,,2018-10-12,84501
USA,WY,,20245463,236557,,,,2018-10-12,
USA,UT,,20245464,236557,,,,2018-10-12,
USA,WY,,10150496,10150488,,,,2021-08-13,
USA,UT,,10150497,10150488,,,,2021-08-13,
USA,UT,Loa,20437277,231920,138 South Main PO Box 129,,,2024-11-26,84747
USA,UT,Price,18089720,257024,125 South 600 West,,,2018-10-12,84501
USA,UT,DUCK CREEK,20439323,233976,AUD & DI CAMPGROUNDS HC-82 BOX 1158,,,2024-11-26,84762
USA,UT,Moab,20439999,251839,MOAB FIELD OFFICE,82 E. DOGWOOD AVE.,,2024-11-26,84532
USA,UT,St. George,18107206,257235,353 East Riverside Drive,,,2018-10-12,84790
USA,UT,Torrey,20438742,251709,HC 70 BOX 15,,,2024-11-26,84775
USA,UT,CEDAR CITY,20437389,232034,DIXIE,,,2024-11-26,84720
USA,UT,Fillmore,18089692,256996,95 East 500 North,,,2018-10-12,84631
USA,UT,DUCHESNE,20439595,234234,,,,2024-11-26,84021
USA,UT,St. George,18089697,257001,345 East Riverside Drive,,,2018-10-12,84790
USA,UT,St. George,18089698,257002,345 East Riverside Drive,,,2018-10-12,84790
USA,UT,Moab,17524896,202159,Moab Field Office,82 East Dogwood,,2018-10-12,84532
USA,UT,FILLMORE,20439617,234257,390 SOUTH MAIN,,,2024-11-26,84631
USA,UT,Monticello,20440402,252281,BLM MONTICELLO FIELD OFFICE,PO BOX 7,,2024-11-26,84535
USA,UT,,20437761,232405,MANTI-LASAL,,,2024-11-26,
USA,UT,,20437627,232272,MANTI-LASAL,,,2024-11-26,
USA,UT,MANILA,20437256,231899,PO BOX 279,,,2024-11-26,84046
USA,UT,RICHFIELD,20439606,234245,115 EAST 900 NORTH,,,2024-11-26,84701
USA,UT,CEDAR CITY,20437435,232080,"CEDAR CITY RANGER DISTRICT, 1789 N WEDGEWOOD LANE",,,2024-11-26,84721
USA,UT,DUCK CREEK,20438634,233290,HC82 BOX 1158,,,2024-11-26,84762
USA,UT,St. George,18089695,256999,345 East Riverside Drive,,,2018-10-12,84790
USA,WY,,20247072,239108,,,,2018-10-12,
USA,ID,,20247073,239108,,,,2018-10-12,
USA,UT,,20247074,239108,,,,2018-10-12,
USA,NV,,20241854,243877,,,,2018-10-12,
USA,CA,,20241855,243877,,,,2018-10-12,
USA,UT,,20241856,243877,,,,2018-10-12,
USA,UT,Moab,17538448,202156,Moab Field Office,82 East Dogwood,,2018-10-12,84532
USA,WY,,20245657,248860,,,,2018-10-12,
USA,UT,,20245658,248860,,,,2018-10-12,
USA,UT,Moab,17727901,255307,Moab Field Office ,82 East Dogwood,,2018-10-12,84532
USA,UT,VERNAL,20439644,234285,355 N Vernal Ave,,,2024-11-26,84078
USA,UT,Moab,20440004,251838,MOAB FIELD OFFICE,82 E. DOGWOOD AVE.,,2024-11-26,84532
USA,UT,Loa,20438495,233148,138 South Main St.,,,2024-11-26,84747
USA,WY,,20246407,247341,,,,2018-10-12,
USA,UT,,20246408,247341,,,,2018-10-12,
USA,UT,EPHRAIM,20437769,232413,540 NORTH MAIN STREET,,,2024-11-26,84627
USA,WY,,20246127,247166,,,,2018-10-12,
USA,UT,,20246128,247166,,,,2018-10-12,
USA,WY,,20245525,236592,,,,2018-10-12,
USA,UT,,20245526,236592,,,,2018-10-12,
USA,UT,FERRON,20439339,233992,"US FOREST SERVICE, 115 WEST CANYON RD, PO BOX 310",,,2024-11-26,84523
USA,UT,LOA,20439929,234572,P.O BOX 129 138 SOUTH MAIN ST,,,2024-11-26,84747
USA,UT,DUTCH JOHN,20439171,233822,RED CANYON COMPLEX,,,2024-11-26,84023
USA,UT,St. George,18107200,257228,353 East Riverside Drive,,,2018-10-12,84790
USA,UT,,18107218,257247,,,,2018-10-12,
USA,WY,,20247075,239109,,,,2018-10-12,
USA,ID,,20247076,239109,,,,2018-10-12,
USA,UT,,20247077,239109,,,,2018-10-12,
USA,ID,,20247280,245140,,,,2018-10-12,
USA,UT,,20247281,245140,,,,2018-10-12,
USA,UT,St. George,18107069,257091,345 East Riverside Drive,,,2018-10-12,84790
USA,UT,,18107152,257177,,,,2018-10-12,84741
USA,NV,,20241866,243884,,,,2018-10-12,
USA,CA,,20241867,243884,,,,2018-10-12,
USA,UT,,20241868,243884,,,,2018-10-12,
USA,UT,Price,18089641,256944,125 South 600 West,,,2018-10-12,84501
USA,UT,Logan,20440287,251565,1500 E Highway 89,,,2024-11-26,84321
USA,UT,,18107153,257178,,,,2018-10-12,84741
USA,UT,Price,18089730,257034,125 South 600 West,,,2018-10-12,84501
USA,ID,,20247344,245175,,,,2018-10-12,
USA,UT,,20247345,245175,,,,2018-10-12,
USA,UT,Moab,18069032,256898,82 East Dogwood,,,2018-10-12,84532
USA,UT,Manila,20440227,250036,P.O. BOX 279,,,2024-11-26,84046
USA,ID,,20247362,245187,,,,2018-10-12,
USA,UT,,20247363,245187,,,,2018-10-12,
USA,UT,FERRON,20437766,232410,FERRON-PRICE RANGER DISTRICT ,115 WEST CANYON ROAD,PO BOX 310,2024-11-26,84523
USA,CO,,20254597,252628,,,,2018-10-12,
USA,UT,,20254598,252628,,,,2018-10-12,
USA,UT,DUCHESNE,20439147,233794,P.O. BOX 981,,,2024-11-26,84021
USA,UT,,20437495,232139,ASHLEY,,,2024-11-26,
USA,UT,DUCK CREEK,20439200,233852,AUD & DI CAMPGROUNDS HC-82 BOX 1158,,,2024-11-26,84762
USA,UT,Hanksville ,18107134,257158,380 South 100 West,,,2018-10-12,84734
USA,UT,Moab,20440520,266144,125 E. Center st.,,,2024-11-26,84532
USA,UT,Moab,20440002,251841,MOAB FIELD OFFICE,82 E. DOGWOOD AVE.,,2024-11-26,84532
USA,UT,,18089690,256994,,,,2018-10-12,84631
USA,ID,,20247340,245170,,,,2018-10-12,
USA,UT,,20247341,245170,,,,2018-10-12,
USA,ID,,20247450,245244,,,,2018-10-12,
USA,UT,,20247451,245244,,,,2018-10-12,
USA,UT,CEDAR CITY,20437599,232244,DIXIE NATIONAL FOREST,1789 N WEDGEWOOD LANE,,2024-11-26,84721
USA,UT,Price,18089741,257045,125 South 600 West,,,2018-10-12,84501
USA,UT,Price,18089669,256973,125 South 600 West,,,2018-10-12,84501
USA,UT,Richfield,18107128,257152,150 East 90 North,,,2018-10-12,84701
USA,UT,Ephraim,20440580,273377,540 N. Main,,,2024-11-26,84627
USA,UT,St. George,18107202,257230,353 East Riverside Drive,,,2018-10-12,84790
USA,UT,Ferron,20438515,233168,"115 West Canyon Road, P.O. Box 310",,,2024-11-26,84523
USA,ID,,10069016,10068990,,,,2020-08-01,
USA,UT,,10069017,10068990,,,,2020-08-01,
USA,NV,,20241848,243875,,,,2018-10-12,
USA,CA,,20241849,243875,,,,2018-10-12,
USA,UT,,20241850,243875,,,,2018-10-12,
USA,UT,St. George,18089754,257059,353 East Riverside Drive,,,2018-10-12,84790
,UT,MONTICELLO,2570070,257007,BLM MONTICELLO FIELD OFFICE,P.O. BOX 7,,2024-11-26,84535
,UT,Monticello,2570072000,257007,BLM Monticello Field Office,365 N Main St,,2024-11-26,84535
,UT,Monticello,2570071000,257007,BLM Monticello Field Office,PO Box 7,,2024-11-26,84535
USA,WY,,20245935,247058,,,,2018-10-12,
USA,UT,,20245936,247058,,,,2018-10-12,
USA,UT,,20243684,235068,,,,2018-10-12,
USA,UT,Moab,18069036,256902,Moab Field Office,82 East Dogwood,,2018-10-12,84532
USA,UT,Loa,20438496,233149,138 South Main St.,,,2024-11-26,84747
USA,WY,,20246781,239007,,,,2018-10-12,
USA,ID,,20246782,239007,,,,2018-10-12,
USA,UT,,20246783,239007,,,,2018-10-12,
USA,UT,FERRON ,20439149,233796,"115 WEST CANYON ROAD,",,,2024-11-26,84523
USA,UT,Fillmore,18107094,257118,Fillmore Field Office ,95 East 500 North,,2018-10-12,84631
USA,UT,FERRON,20439533,234171,FERRON-PRICE RANGER DISTRICT,PO BOX 310,115 WEST CANYON ROAD,2024-11-26,84523
USA,WY,,20247063,239105,,,,2018-10-12,
USA,ID,,20247064,239105,,,,2018-10-12,
USA,UT,,20247065,239105,,,,2018-10-12,
USA,UT,FERRON ,20439150,233797,"115 WEST CANYON ROAD,",,,2024-11-26,84523
USA,UT,DUCHESNE,20439591,234230,P.O. BOX 981,,,2024-11-26,84021
USA,UT,Ferron,20438514,233167,"115 West Canyon Road, P.O. Box 310",,,2024-11-26,84523
USA,UT,Price,18089722,257026,125 South 600 West,,,2018-10-12,84501
USA,UT,Moab,20440003,251842,MOAB FIELD OFFICE,82 E. DOGWOOD AVE,,2024-11-26,84532
USA,UT,FERRON,20437771,232415,FERRON/PRICE RANGER DISTRICT,115 WEST CANYON ROAD,PO BOX 310,2024-11-26,84523
USA,UT,MANILA,20439342,233995,P.O. BOX 279,,,2024-11-26,84046
USA,WY,,20246121,247163,,,,2018-10-12,
USA,UT,,20246122,247163,,,,2018-10-12,
USA,UT,ALTA ,20437365,232010,ALBION BASIN RD,,,2024-11-26,84092
USA,ID,,20247346,245179,,,,2018-10-12,
USA,UT,,20247347,245179,,,,2018-10-12,
USA,WY,,20246093,247142,,,,2018-10-12,
USA,UT,,20246094,247142,,,,2018-10-12,
USA,UT,Moab,20440451,256346,MOAB FIELD OFFICE,82 E. DOGWOOD AVE,,2024-11-26,84532
USA,UT,,18089653,256956,,,,2018-10-12,
USA,ID,,20247352,245180,,,,2018-10-12,
USA,UT,,20247353,245180,,,,2018-10-12,
USA,OR,,20240710,243702,,,,2018-10-12,
USA,OR,Idleyld Park,20440322,251894,2020 Toketee Ranger Station Road,,,2024-11-26,97447
USA,OR,,20248839,236934,,,,2018-10-12,
USA,OR,Hines,10005524,10005523,Burns District Office,28910 Highway 20 West,,2019-05-03,97730
USA,OR,,10078700,10078676,,,,2020-09-08,
USA,WA,,10078701,10078676,,,,2020-09-08,
USA,OR,CRESCENT,20440496,266138,PO BOX 208,,,2024-11-26,97733
USA,OR,Prineville,10001667,10001666,Prineville District Office,3050 NE 3rd Street,,2021-03-31,97754
USA,OR,BROOKINGS,20439504,234161,14433 Hwy. 101 S,,,2024-11-26,97415
USA,OR,Prineville,20419861,274330,Prineville District Office,3050 NE 3rd Street,,2018-12-03,97754
USA,OR,KLAMATH FALLS,20439065,233707,15300 Dead Indian Memorial Rd.,,,2024-11-26,97601
USA,OR,The Dalles,9813146,248324,,,,2018-10-12,
USA,OR,,20266963,265397,,,,2018-10-12,
USA,CA,,20266964,265397,,,,2018-10-12,
USA,OR,LAKEVIEW,20439547,234185,18049 HWY 395,,,2024-11-26,97630
USA,OR,North Powder,20438483,233136,47500 Anthony Lakes Hwy,,,2024-11-26,97867
USA,OR,SISTERS,20440513,267554,P.O. BOX 249,,,2024-11-26,97759
USA,OR,Parkdale,20438669,233326,C/O HOOD RIVER RANGER STATION,6780 HIGHWAY 35,,2018-11-26,97041
USA,OR,COTTAGE GROVE,20439487,234144,78405 Cedar Park Rd,,,2024-11-26,97424
USA,OR,,20242854,237822,,,,2018-10-12,
USA,ID,,20242855,237822,,,,2018-10-12,
USA,OR,Prineville,10279175,10279174,Prineville District Office,3050 NE 3rd St.,,2023-06-22,97754
USA,OR,,20252258,234994,,,,2018-10-12,
USA,CA,,20252259,234994,,,,2018-10-12,
USA,NV,,20252260,234994,,,,2018-10-12,
USA,OR,Glide,20440245,251357,18782 North Umpqua Highway,,,2024-11-26,97443
USA,OR,Gold Beach,20439502,234159,29279 Ellensburg Avenue,,,2024-11-26,97415
USA,OR,CRESCENT,20438569,233225,PO BOX 208,,,2024-11-26,97733
USA,OR,SISTERS,20438542,233198,PO BOX 249,,,2024-11-26,97759
USA,OR,,20438185,232837,MT. HOOD,,,2024-11-26,
USA,OR,,20266998,265414,,,,2018-10-12,
USA,CA,,20266999,265414,,,,2018-10-12,
USA,OR,SISTERS,20440276,251454,PO BOX 249,,,2024-11-26,97759
USA,OR,HEPPNER,20439481,234138,P.O BOX 7,,,2024-11-26,97836
USA,OR,Oakridge,20440422,254094,FR 5898 at Waldo Lake,,,2024-11-26,97463
USA,OR,,20243954,250072,,,,2018-10-12,
USA,OR,NORTH POWDER,20438580,233236,47500 ANTHONY LAKES HWY,,,2024-11-26,97867
USA,OR,Prineville,10297949,274478,Prineville District Office,3050 NE 3rd St.,,2023-12-01,97754
USA,OR,,20240700,243693,,,,2018-10-12,
USA,OR,,20253199,246223,,,,2018-10-12,
USA,OR,,20440093,234711,,,,2024-11-26,
USA,OR,BUTTE FALLS,20439500,234157,PO BOX 227,,,2024-11-26,97522
USA,OR,SPRINGFIELD,2733100,273310,NORTHWEST OREGON DISTRICT, BUREAU OF LAND MANAGEMENT-SPRINGFIELD INTERAGENCY OFFICE,"3106 PIERCE PARKWAY, SUITE E",2024-11-26,97477
,OR,Marcola,2733101000,273310,Shotgun Creek Recreation Site,38455 Shotgun Creek Rd.,,2024-11-26,97454
,OR,Springfield,2733102000,273310,Springfield Interagency Office,Attn: Recreation Operations,"3106 Pierce Parkway, Suite E",2024-11-26,97477
USA,OR,The Dalles,9813279,248519,,,,2018-10-12,
USA,OR,HINES,20439578,234217,265 HIGHWAY 20 SOUTH,,,2024-11-26,97738
USA,OR,Oakridge,20439580,234219,P.O. Box 8516,,,2024-11-26,97463
USA,OR,,20250981,237124,,,,2018-10-12,
USA,OR,,20242976,237894,,,,2018-10-12,
USA,ID,,20242977,237894,,,,2018-10-12,
USA,OR,The Dalles,9813278,248518,,,,2018-10-12,
USA,OR,Blue River,20438684,233341,,,,2024-11-26,97413
USA,OR,Klamath Falls,19930338,262728,Klamath Falls Field Office,"2795 Anderson Ave, Bldg #25",,2021-02-01,97603
USA,OR,,20461448,274523,,,,2018-10-12,
USA,OR,Klamath Falls,20440286,251712,,,,2024-11-26,97601
USA,OR,Crescent ,20440399,252282,PO Box 208,,,2024-11-26,97733
USA,OR,Prineville,10283853,10283852,Prineville District Office,3050 NE 3rd St.,,2023-07-31,97754
USA,OR,,20438221,232873,,,,2024-11-26,
USA,OR,TILLER,20439492,234149,27812 TILLER TRAIL HWY.,,,2024-11-26,97484
USA,OR,,20248809,236892,,,,2018-10-12,
USA,OR,Idleyld Park,20440247,251360,2020 Toketee Ranger Station Road,,,2024-11-26,97447
USA,OR,Lakeview,19930350,262741,Lakeview District Office,1301 South G Street,,2018-10-12,97630
USA,OR,Klamath Falls,10221500,10221499,Klamath Falls Field Office,"2795 Anderson Avenue, Bldg. #25",,2022-11-01,97603
USA,OR,GLIDE,20439489,234146,18782 NORTH UMPQUA HWY,,,2024-11-26,97443
USA,OR,BEND,20440514,267072,63095 DESCHUTES MARKET ROAD,,,2024-11-26,97701
USA,OR,Prineville,19157938,260559,Prineville District Office,3050 N.E. 3rd. Street,,2018-11-02,97754
USA,OR,SISTERS,20440273,251577,PO BOX 249,,,2024-11-26,97759
USA,OR,,20242818,237803,,,,2018-10-12,
USA,ID,,20242819,237803,,,,2018-10-12,
USA,OR,Idleyld Park,20438503,233156,30001 Rock Creek Rd,,,2024-11-26,97447
USA,OR,SISTERS,20440505,267081,P.O. BOX 249,,,2024-11-26,97759
USA,OR,POWERS,20439498,234155,42861 HWY 242,,,2024-11-26,97466
USA,OR,,20259459,244091,,,,2018-10-12,
USA,OR,Juntura,10314203,10314202,2621 Beulah Rd,,,2024-04-12,97911
USA,OR,,20253198,246222,,,,2018-10-12,
USA,OR,Lake Harriet,20438204,232856,Oak Grove Fork Rd.,,,2024-11-26,
USA,OR,SISTERS,20440516,267082,P.O. BOX 249,,,2024-11-26,97759
USA,OR,,20249341,252367,,,,2018-10-12,
USA,OR,WESTFIR,20439551,234189,46375 HIGHWAY 58,,,2024-11-26,97492
USA,OR,White City,17759801,231800,1211 Avenue C,,,2019-07-30,97503
USA,OR,Estacada,20438648,233305,595 NW Industrial Way,,,2024-11-26,97023
,OR,Mt Hood,2333051000,233305,FSR 4220 Mt Hood National Forest,,,2024-11-26,
USA,OR,MCKENZIE BRIDGE,20437341,231984,57600 McKenzie Hwy.,,,2024-11-26,97413
USA,OR,,20438187,232839,,,,2024-11-26,
USA,OR,,20438211,232863,,,,2024-11-26,
USA,OR,,20250877,237001,,,,2018-10-12,
USA,OR,,20319362,272044,,,,2018-10-12,
USA,OR,,20250516,245986,,,,2018-10-12,
USA,WA,,20250517,245986,,,,2018-10-12,
USA,OR,Prineville,10321881,10321880,Prineville District Office,,3050 NE 3rd St.,2024-06-05,97754
USA,OR,,20253203,246229,,,,2018-10-12,
USA,OR,Klamath Falls,19930348,262739,Klamath Falls Field Office,"2795 Anderson Ave, Bldg #25",,2024-01-25,97603
USA,OR,,20252252,234992,,,,2018-10-12,
USA,CA,,20252253,234992,,,,2018-10-12,
USA,NV,,20252254,234992,,,,2018-10-12,
USA,OR,BEND,20440502,267553,63095 DESCHUTES MARKET ROAD,,,2024-11-26,97701
USA,OR,,20250538,246000,,,,2018-10-12,
USA,WA,,20250539,246000,,,,2018-10-12,
USA,OR,,20265827,264683,,,,2018-10-12,
USA,OR,,20253201,246225,,,,2018-10-12,
USA,OR,Idleyld Park,20440319,251895,2020 Toketee Ranger Station Road,,,2024-11-26,97447
USA,OR,Blue River,20440122,234730,French Pete Campground,,,2024-11-26,97413
USA,OR,Westfir,20438480,233133,46375 Highway 58,,,2024-11-26,97492
USA,OR,Prineville,10319390,10319389,Prineville District Office,3050 NE 3rd St.,,2024-05-15,97754
USA,OR,BUTTE FALLS,20439987,234631,PO BOX 227,,,2024-11-26,97522
USA,OR,,20249417,252341,,,,2018-10-12,
USA,OR,Prineville,20440174,234779,P.O. Box 739,,,2024-11-26,97754
USA,OR,,20438190,232842,,,,2024-11-26,
USA,OR,,20438186,232838,MT. HOOD,,,2024-11-26,
USA,OR,,20259464,244100,,,,2018-10-12,
USA,OR,Tidewater,20439311,233964,17686 E. Alsea Hwy ,,,2024-11-26,97390 
USA,OR,Trail,9813145,248323,,,,2018-10-12,
USA,OR,SISTERS,20440515,267083,P.O. BOX 249,,,2024-11-26,97759
USA,OR,Idleyld Park,20440320,251883,2020 Toketee Ranger Station Road,,,2024-11-26,97447
USA,OR,SISTERS,20440278,251566,PO BOX 249,,,2024-11-26,97759
USA,OR,SILVER LAKE,20439549,234187,65600 HWY 31,,,2024-11-26,97638
USA,OR,Cottage Grove,20440025,234646,78405 Cedar Park Road,,,2024-11-26,97424
USA,OR,,20439169,233820,,,,2024-11-26,
USA,OR,MCKENZIE BRIDGE,20439536,234174,57600 McKenzie Highway,,,2024-11-26,97413
UNITED STATES,OR,ESTACADA,20440492,267076,33831 E FARADAY RD,,,2024-11-26,97023
USA,OR,,10071267,10071157,,,,2020-08-11,
USA,CA,,10071268,10071157,,,,2020-08-11,
USA,OR,PRINEVILLE,20439243,233895,"OCHOCO NATIONAL FOREST, 3160 NE 3rd St.",,,2024-11-26,97754
USA,OR,,20259492,244134,,,,2018-10-12,
USA,OR,Rufus,9813140,248318,,,,2018-10-12,
USA,OR,Bend,20440043,234661,63095 Deschutes Market Rd,,,2024-11-26,97701
USA,OR,,20259494,244139,,,,2018-10-12,
USA,OR,,20265803,264659,,,,2018-10-12,
USA,OR,,20266417,265229,,,,2018-10-12,
USA,CA,,20266418,265229,,,,2018-10-12,
USA,OR,Prineville,10155458,10155457,Prineville District Office,3050 NE 3rd Street,,2021-09-22,97754
USA,OR,,20253197,246221,,,,2018-10-12,
USA,OR,,20265745,264601,,,,2018-10-12,
USA,OR,North Powder,20439610,234250,47500 Anthony Lakes Hwy,,,2024-11-26,97867
USA,OR,Vale,17237550,255175,Vale District Office,100 Oregon Street,,2019-08-12,97918
USA,OR,GRANTS PASS,20439506,234163,2164 NE Spalding AvenueROAD,,,2024-11-26,97526
USA,OR,MCKENZIE BRIDGE,20437340,231983,57600 MCKENZIE HWY,,,2024-11-26,97413
USA,OR,Prineville,20438581,233237,3160 NE 3rd Street ,,,2018-06-26,97754
USA,OR,Prineville,20490624,233237,3160 NE 3rd Street ,,,2018-10-12,97754
USA,OR,Jacksonville,20440292,251546,6941 Upper Applegate Road,,,2024-11-26,97530
USA,OR,WALDPORT,20439264,233916,,,,2024-11-26,97394
USA,OR,SISTERS,20440504,266142,P.O. BOX 249,,,2024-11-26,97759
USA,OR,,20438195,232847,,,,2024-11-26,
USA,OR,Roseburg,20439994,251351,777 NW Garden Valley Blvd.,,,2024-11-26,97471
USA,OR,,20252249,234991,,,,2018-10-12,
USA,CA,,20252250,234991,,,,2018-10-12,
USA,NV,,20252251,234991,,,,2018-10-12,
USA,OR,,20461445,274520,,,,2018-10-12,
USA,OR,SISTERS,20438135,232787,PO BOX 249,,,2024-11-26,97759
USA,OR,,20242718,237750,,,,2018-10-12,
USA,ID,,20242719,237750,,,,2018-10-12,
USA,OR,Idleyld Park,20440337,251907,2020 Toketee Ranger Station Road,,,2024-11-26,97447
USA,OR,UKIAH,20439566,234205,P.O. BOX 158,,,2024-11-26,97880
USA,OR,,20311079,270729,,,,2018-10-12,
USA,OR,Lakeview,20440311,251769,1301 South G Street,,,2024-11-26,97630
USA,OR,BEND,20440489,266140,63095 DESCHUTES MARKET ROAD,,,2024-11-26,97701
USA,OR,,20250892,237021,,,,2018-10-12,
USA,OR,Glide,20440331,251885,18782 North Umpqua Highway,,,2024-11-26,97443
USA,OR,Jacksonville,20438531,233186,15111 Upper Applegate Road,,,2024-11-26,97530
,,,2331861000,233186,https://maps.app.goo.gl/VHrUsh4P1Wk5hwgb7,,,2024-11-26,
USA,OR,CRESCENT,20440282,251567,PO BOX 208,,,2024-11-26,97733
USA,OR,Prineville,20440057,234675,OCHOCO NATIONAL FOREST 3160 NE 3RD ST,,,2024-11-26,97754
,,,2346751000,234675,33689 NE Ochoco Ranger station rd.,,,2024-11-26,
USA,OR,Prineville,10155246,10155245,Prineville District Office,3050 NE 3rd Street,,2021-09-20,97754
USA,OR,,20250742,246126,,,,2018-10-12,
USA,WA,,20250743,246126,,,,2018-10-12,
USA,OR,Sisters,20439835,234477,P.O. Box 249,,,2024-11-26,97759
USA,OR,LAKEVIEW,20439545,234183,18049 HWY 395,,,2024-11-26,97630
USA,OR,Hines,17267651,255182,Burns District Office,28910 Hwy 20 West,,2019-03-11,97738
USA,OR,JACKSONVILLE,20439565,234203,6941 UPPER APPLEGATE RD.,,,2024-11-26,97530
USA,OR,,20242686,237734,,,,2018-10-12,
USA,ID,,20242687,237734,,,,2018-10-12,
USA,OR,CRESCENT,20440507,267079,PO BOX 208,,,2024-11-26,97733
USA,OR,Waldport,20439312,233965,PO Box 45 ,,,2024-11-26,97394 
USA,OR,SISTERS,20438541,233197,PO BOX 249,,,2024-11-26,97759
USA,OR,,20250700,246101,,,,2018-10-12,
USA,WA,,20250701,246101,,,,2018-10-12,
USA,OR,Coburg,20439575,234214,P.O. Box 8516,,,2024-11-26,97048
USA,OR,,20259457,244089,,,,2018-10-12,
USA,OR,,20438199,232851,,,,2024-11-26,
USA,OR,Idleyld Park,20342584,251548,2020 Toketee Ranger Station Road,,,2024-11-26,97447
USA,OR,IDLEYLD PARK,20437336,231979,2020 TOKETEE RANGER STATION ROAD,,,2024-11-26,97447
USA,OR,,20266992,265411,,,,2018-10-12,
USA,CA,,20266993,265411,,,,2018-10-12,
USA,OR,CRESCENT,20438126,232778,PO BOX 208,,,2024-11-26,97733
USA,OR,Butte Falls,20440149,234760,PO Box 227,,,2024-11-26,97522
USA,OR,Gold Beach,20439530,234168,29279 Ellensburg Avenue,,,2024-11-26,97415
USA,OR,,20249340,252325,,,,2018-10-12,
USA,OR,,20252144,234956,,,,2018-10-12,
USA,CA,,20252145,234956,,,,2018-10-12,
USA,NV,,20252146,234956,,,,2018-10-12,
USA,OR,Coburg,20439577,234216,P.O. Box 8516,,,2024-11-26,97408
USA,OR,Hines,17237540,255174,Burns District Office,28910 Hwy 20 West,,2019-03-11,97738
USA,OR,SISTERS,20440509,267552,P.O. BOX 249,,,2024-11-26,97759
USA,OR,BEND,20438537,233193,63095 DESCHUTES MARKET ROAD,,,2024-11-26,97701
USA,OR,,20275435,266418,,,,2018-10-12,
USA,CA,,20275436,266418,,,,2018-10-12,
USA,OR,UKIAH,20439567,234206,P.O. BOX 158,,,2024-11-26,97880
USA,OR,Prineville,10039256,10039255,Prineville District Office,3050 NE 3rd Street,,2020-07-06,97754
USA,OR,BEND,20438559,233215,63095 DESCHUTES MARKET ROAD,,,2024-11-26,97701
USA,OR,Rufus,9813136,248314,,,,2018-10-12,
USA,OR,,20243963,250145,,,,2018-10-12,
USA,OR,UKIAH,20439639,234279,P.O. BOX 158,,,2024-11-26,97880
USA,OR,ALSEA,20439251,233903,23116 E. ALSEA HWY,,,2024-11-26,97324
USA,OR,Rufus,9813135,248313,,,,2018-10-12,
USA,OR,,20433722,274385,,,,2018-10-12,
USA,CA,,20433723,274385,,,,2018-10-12,
USA,OR,Prineville,19095617,260547,Prineville District Office,3050 N.E. 3rd St.,,2018-12-04,97754
USA,OR,PRINEVILLE,20439242,233894,"Aud&Di Campground Service, 3160 NE 3rd St.",,,2024-11-26,97754
USA,OR,Jacksonville,20440298,251611,6941 Upper Applegate Road,,,2024-11-26,97530
USA,OR,PAISLEY,20439546,234184,303 HWY 31,,,2024-11-26,97636
USA,OR,,20438196,232848,,,,2024-11-26,
USA,OR,WALLA WALLA,20439820,234461,1415 W. ROSE,,,2024-11-26,99362
USA,OR,Lowell,9813131,248309,,,,2018-10-12,
USA,OR,BUTTE FALLS,20439446,234103,PO Box 227,,,2024-11-26,97522
USA,OR,WALLA WALLA,20439821,234462,1415 W. ROSE,,,2024-11-26,99362
USA,OR,,20266413,265227,,,,2018-10-12,
USA,CA,,20266414,265227,,,,2018-10-12,
USA,OR,GLIDE,20439490,234147,18782 NORTH UMPQUA HWY,,,2024-11-26,97443
USA,OR,Coburg,20439579,234218,P.O. Box 8516,,,2024-11-26,97408
USA,OR,JACKSONVILLE,20439564,234202,6941 UPPER APPLEGATE ROAD (DIST OFFICE),,,2024-11-26,97530
USA,OR,SISTERS,20439123,233770,P.O. BOX 249,,,2024-11-26,97759
USA,OR,BEND,20439428,234085,63095 DESCHUTES MARKET ROAD,,,2024-11-26,97701
USA,OR,,20265747,264603,,,,2018-10-12,
USA,OR,WESTFIR,20439550,234188,46375 Highway 58,,,2024-11-26,97492
USA,OR,PRINEVILLE,20439479,234136,OCHOCO NATIONAL FOREST 3160 NE 3RD ST,,,2024-11-26,97754
USA,OR,Glide,20440244,251364,18782 N. Umpqua Hwy.,,,2024-11-26,97443
USA,OR,,10074581,10074569,,,,2020-08-23,
USA,OR,,20438189,232841,,,,2024-11-26,
USA,OR,Prineville,10159358,10159357,Prineville District Office,3050 NE 3rd Street,,2021-11-24,97754
USA,OR,CASCADE LOCKS,20439665,234306,"902 WASCO AVENUE, SUITE 200",,,2024-11-26,97014
USA,OR,MCKENZIE BRIDGE,20439535,234173,57600 McKenzie Highway,,,2024-11-26,97413
USA,OR,,20438184,232836,MT. HOOD,,,2024-11-26,
USA,OR,BUTTE FALLS,20439986,234630,PO BOX 227,,,2024-11-26,97522
USA,OR,Prineville,10319381,10319380,Prineville District Office,3050 NE 3rd St.,,2024-05-15,97754
USA,OR,NORTH BEND,20439513,249989,1300 Airport Lane,,,2024-11-26,97459
USA,OR,,20242722,237752,,,,2018-10-12,
USA,ID,,20242723,237752,,,,2018-10-12,
USA,OR,Glide,20440332,251887,18782 North Umpqua Highway,,,2024-11-26,97443
USA,OR,Prineville,10039226,10039225,Prineville District Office,3050 NE 3rd Street,,2019-12-26,97754
USA,OR,,20438194,232846,,,,2024-11-26,
USA,OR,,20266435,265238,,,,2018-10-12,
USA,CA,,20266436,265238,,,,2018-10-12,
USA,OR,IDLEYLD PARK,20437339,231982,2020 TOKETEE RANGER STATION ROAD,,,2024-11-26,97447
USA,OR,TIMOTHY LAKE,20438216,232868,OAK FORK CAMPGROUND,SKYLINE ROAD,,2024-11-26,
USA,OR,,20259538,244202,,,,2018-10-12,
USA,OR,CAVE JUNCTION,20439497,234154,BOLAN MOUNTAIN LOOKOUT ROGUE RIVER-SISKIYOU NATIONAL FOREST  WILD RIVERS RANGER DISTRICT  26568 REDWOOD HIGHWAY,26568 REDWOOD HIGHWAY,,2024-11-26,97523
USA,OR,,20259473,244116,,,,2018-10-12,
USA,OR,Blue River,20438682,233339,,,,2024-11-26,97413
USA,OR,BEND,20438561,233217,63095 DESCHUTES MARKET ROAD,,,2024-11-26,97701
USA,OR,CRESCENT,20438539,233195,PO BOX 208,,,2024-11-26,97733
USA,OR,,20249342,252385,,,,2018-10-12,
USA,OR,Prineville,10283830,10283829,Prineville District Office,3050 NE 3rd St.,,2023-07-31,97754
USA,OR,BEND,20440263,251448,63095 DESCHUTES MARKET ROAD,,,2024-11-26,97701
USA,OR,CRESCENT,20438127,232779,PO BOX 208,,,2024-11-26,97733
USA,OR,SISTERS,20438139,232791,P.O. BOX 249,,,2024-11-26,97759
USA,OR,Rufus,9813137,248315,,,,2018-10-12,
USA,OR,,20266419,265230,,,,2018-10-12,
USA,CA,,20266420,265230,,,,2018-10-12,
USA,OR,Umatilla,20440350,251913,PO Box 1230,,,2024-11-26,97882
USA,OR,,20242826,237807,,,,2018-10-12,
USA,ID,,20242827,237807,,,,2018-10-12,
USA,OR,,20438198,232850,,,,2024-11-26,
USA,OR,,20265760,264616,,,,2018-10-12,
USA,OR,Prineville,10000448,10000447,Prineville District Office,3050 NE 3rd Street,,2019-08-07,97754
USA,OR,BEND,20439140,233787,63095 DESCHUTES MARKET ROAD,,,2024-11-26,97701
USA,OR,,20240753,258474,,,,2018-10-12,
USA,OR,,20248792,236856,,,,2018-10-12,
USA,OR,Florence,20439310,233963,93825 Hwy 101 N,,,2024-11-26,97439-8227 
USA,OR,North Bend,19528825,261695,Coos Bay District Office,1300 Airport Lane,,2018-10-12,97459
USA,OR,Mill City,20439977,234621,HC73 BOX 320,,,2024-11-26,97360
USA,OR,Glide,20372900,251471,18782 North Umpqua Highway,,,2024-11-26,97443
USA,OR,,20311045,270701,,,,2018-10-12,
USA,OR,Idleyld Park,20438502,233155,25005 Rock Creek Rd,,,2024-11-26,97447
USA,OR,,20249339,252463,,,,2018-10-12,
USA,OR,,20259529,244193,,,,2018-10-12,
USA,OR,,20250610,246052,,,,2018-10-12,
USA,WA,,20250611,246052,,,,2018-10-12,
USA,OR,Lakeview,19930323,262727,Lakeview District Office,1301 South G Street,,2018-10-12,97630
USA,OR,GLIDE,20439491,234148,18782 UMPQUA HWY,,,2024-11-26,97443
USA,OR,Oakridge,20438707,233364,FS Rd 5895 at Waldo Lake,,,2024-11-26,97463
USA,OR,Ashland,10067371,10067370,Cascade-Siskiyou National Monument,7975 Hyatt Prairie Rd,,2021-02-01,97520
USA,OR,BEND,20440497,267073,63095 DESCHUTES MARKET ROAD,,,2024-11-26,97701
USA,OR,,20242724,237753,,,,2018-10-12,
USA,ID,,20242725,237753,,,,2018-10-12,
USA,OR,Idleyld Park,20438501,233154,25006 Rock Creek,,,2024-11-26,97447
USA,OR,,20242744,237765,,,,2018-10-12,
USA,ID,,20242745,237765,,,,2018-10-12,
USA,OR,Vale,17267701,255188,Vale District Office,100 Oregon St.,,2019-01-30,97918
USA,OR,TILLER,20439541,234179,27812 TILLER TRAIL HWY,,,2024-11-26,97484
USA,OR,SISTERS,20440274,251569,PO BOX 249,,,2024-11-26,97759
USA,OR,,20275553,266477,,,,2018-10-12,
USA,CA,,20275554,266477,,,,2018-10-12,
USA,OR,Prineville,10279051,10279050,Prineville District Office,3050 NE 3rd St.,,2023-06-21,97754
USA,OR,Maupin,20438666,233323,73713 Spring Drive,,,2024-11-26,97037
USA,OR,Prineville,10322470,10322469,Prineville District Office,3050 NE 3rd Street,,2024-06-10,97754
USA,OR,,10069669,10069654,,,,2020-08-04,
USA,ID,,10069670,10069654,,,,2020-08-04,
USA,OR,BEND,20440262,251581,63095 DESCHUTES MARKET ROAD,,,2024-11-26,97701
USA,OR,,10135537,10135533,,,,2021-05-09,
USA,WA,,10135538,10135533,,,,2021-05-09,
USA,OR,Vale,17267708,255189,Vale District Office,100 Oregon Street,,2018-10-12,97918
USA,OR,CRESCENT,20440510,267070,PO BOX 208,,,2024-11-26,97733
USA,OR,,20438220,232872,,,,2024-11-26,
USA,OR,Idleyld Park,20440321,251886,2020 Toketee Ranger Station Road,,,2024-11-26,97447
USA,OR,IDLEYLD PARK,20437337,231980,2020 TOKETEE RANGER STATION ROAD,,,2024-11-26,97447
USA,OR,Prineville,20363076,272256,Prineville District Office,3050 NE 3rd Street ,,2018-10-12,97754
USA,OR,,20438179,232831,MT. HOOD,,,2024-11-26,
USA,OR,CRESCENT,20438460,233113,PO BOX 208,,,2024-11-26,97733
USA,OR,Parkdale ,20438672,233329,C/O HOOD RIVER RANGER STATION ,6780 HWY 35,,2024-11-26,97041
,OR,HEBO ,2646860,264686,31525 HIGHWAY 22,,,2024-11-26,97108
,OR,Hebo,2646861000,264686,Hebo Ranger District,31525 HIGHWAY 22,PO Box 235,2024-11-26,97122
USA,OR,Prineville,17307769,255193,Prineville District Office,3050 N.E. 3rd St.,,2018-10-12,97754
USA,OR,McKenzie Bridge,20440123,234731,57600 McKenzie Highway,,,2024-11-26,97413
USA,OR,,20259515,244174,,,,2018-10-12,
USA,OR,Blue River,20437343,231986,,,,2024-11-26,
USA,OR,,20253202,246226,,,,2018-10-12,
USA,OR,,20438202,232854,,,,2024-11-26,
USA,OR,Tiller,20438665,233322,27812 Tiller Trail Hwy,,,2024-11-26,97484
USA,OR,Medford,20339532,272170,Butte Falls Field Office,3040 Biddle Rd.,,2022-08-24,97504
USA,OR,,10068783,10068748,,,,2020-07-31,
USA,OR,SISTERS,20440517,266139,P.O. BOX 249,,,2024-11-26,97759
USA,OR,Prineville,10039205,10039204,Prineville District Office,3050 NE 3rd Street,,2019-12-26,97754
USA,OR,Cave Junction,20438694,233351,CHINQUAPIN GROUP CAMPGROUND,26568 REDWOOD HWY,,2024-11-26,97523
USA,OR,,20243959,250086,,,,2018-10-12,
USA,OR,Prineville,10039246,10039245,Prineville District Office,3050 NE 3rd Street,,2019-12-26,97754
USA,OR,,20243957,250085,,,,2018-10-12,
USA,OR,CRESCENT,20439648,234289,P.O BOX 208,,,2024-11-26,97733
USA,OR,,20438218,232870,,,,2024-11-26,
USA,OR,Ashland,20440466,250031,7975 Hyatt Prairie Rd,,,2024-11-26,97520
,OR,Ashland,2500311000,250031,7975 Hyatt Prairie RD,,,2024-11-26,97520
USA,OR,Coburg,20437342,231985,P.O. Box 8516,,,2024-11-26,97408
USA,OR,,20438191,232843,,,,2024-11-26,
USA,OR,SISTERS ,20440275,251472,PO BOX 249,,,2024-11-26,97759
USA,OR,PAISLEY,20439548,234186,303 HWY 31,,,2024-11-26,97636
USA,OR,BEND,20440261,251722,63095 DESCHUTES MARKET ROAD,,,2024-11-26,97701
USA,OR,YACHATS,20439248,233900,2200 Hwy 101 S ,,,2024-11-26,97498 
USA,OR,,20248812,236898,,,,2018-10-12,
USA,OR,Hines,17267662,255183,Burns District Office,28910 Hwy 20 West,,2019-03-11,97738
USA,OR,Prineville,17307774,255194,Prineville District Office,3050 N.E. 3rd St.,,2021-02-01,97754
USA,OR,Roseburg,19930312,262718,Roseburg District Office,777 NW Garden Valley Blvd.,,2018-10-12,97471
USA,OR,,20250828,236935,,,,2018-10-12,
USA,OR,Idleyld Park,20437338,231981,2020 Toketee Ranger Station Road,,,2024-11-26,97447
USA,OR,SISTERS,20440501,267080,P.O. BOX 249,,,2024-11-26,97759
USA,OR,,20266545,265293,,,,2018-10-12,
USA,CA,,20266546,265293,,,,2018-10-12,
USA,OR,SISTERS,20440512,267074,P.O. BOX 249,,,2024-11-26,97759
USA,OR,BEND,20440490,267555,,,,2024-11-26,97701
USA,OR,,20259460,244092,,,,2018-10-12,
USA,OR,SISTERS,20440511,267556,P.O. BOX 249,,,2024-11-26,97759
USA,OR,Prineville,20438767,233406,3160 Ne 3rd  Street,,,2024-11-26,97754
USA,OR,,20242720,237751,,,,2018-10-12,
USA,ID,,20242721,237751,,,,2018-10-12,
USA,OR,North Powder,20439573,234212,47500 Anthony Lakes Hwy,,,2024-11-26,97867
USA,OR,,20266415,265228,,,,2018-10-12,
USA,CA,,20266416,265228,,,,2018-10-12,
USA,OR,HEPPNER,20439488,234145,P.O. BOX 7,,,2024-11-26,97836
USA,OR,Vale,19957214,262773,Vale District Office,100 Oregon Street,,2019-01-30,97918
USA,OR,MCKENZIE BRIDGE,20439537,234175,57600 McKenzie Highway,,,2024-11-26,97413
USA,OR,North Powder,20439574,234213,47500 Anthony Lakes Hwy,,,2024-11-26,97867
USA,OR,Florence,20439860,234502,89630 Hwy 101 ,,,2024-11-26,97439 
USA,OR,,20310931,270610,,,,2018-10-12,
USA,ID,,20310932,270610,,,,2018-10-12,
USA,OR,Oakland,20438500,233153,1771 Bullock Road,,,2024-11-26,97462
USA,OR,SISTERS,20438136,232788,P.O. BOX 249,,,2024-11-26,97759
USA,OR,Blue River,20440125,234733,57600 McKenzie Highway,,,2024-11-26,97413
USA,OR,,20250903,237038,,,,2018-10-12,
USA,OR,Timothy Lake,20438214,232866,Skyline Rd,,,2024-11-26,
USA,OR,Lakeview,19930341,262731,Lakeview District Office,1301 South G Street,,2018-10-12,97630
USA,OR,,20319361,272043,,,,2018-10-12,
USA,OR,Prairie City,20438592,233248,"SHORT CREEK GUARD STATION DISTRICT OFFICE: 327 SW FRONT ST., P.O. BOX 337 PRAIRIE CITY  OR  97869",,,2024-11-26,97869
USA,OR,,20310968,270638,,,,2018-10-12,
USA,OR,Prineville,10039216,10039215,Prineville District Office,3050 NE 3rd Street,,2019-12-26,97754
USA,OR,Timothy Lake,20438215,232867,Skyline Rd,,,2024-11-26,
USA,OR,,20464908,274532,,,,2018-10-12,
USA,OR,,20242726,237754,,,,2018-10-12,
USA,ID,,20242727,237754,,,,2018-10-12,
USA,OR,,20438183,232835,MT. HOOD,,,2024-11-26,
USA,OR,Blue River,20438683,233340,HWY 126 to the Cougar Reservoir turn off ,,,2024-11-26,97413
USA,OR,CRESCENT,20440491,267557,PO BOX 208,,,2024-11-26,97733
USA,OR,Rufus,20438902,233536,PO BOX 823,,,2024-11-26,97050
USA,OR,SISTERS,20440503,267071,P.O. BOX 249,,,2024-11-26,97759
USA,OR,,20438188,232840,,,,2024-11-26,
USA,OR,,20253200,246224,,,,2018-10-12,
USA,OR,Rufus,9813138,248316,,,,2018-10-12,
USA,OR,Florence,20439233,233885,4840 Sutton Beach Rd ,,,2024-11-26,97439 
USA,OR,,20259458,244090,,,,2018-10-12,
USA,OR,,20266421,265231,,,,2018-10-12,
USA,CA,,20266422,265231,,,,2018-10-12,
USA,OR,,20438137,232789,,,,2024-11-26,97759
USA,OR,1375 SE Wilson Avenue Bend,20437497,251911,US Bureau of Reclamation,,,2024-11-26,97702
USA,OR,Prineville,10278933,10278932,Prineville District Office,3050 NE 3rd St.,,2023-06-20,97754
USA,OR,,20438242,232894,,,,2024-11-26,
USA,OR,KLAMATH FALLS,20439063,233705,15300 Dead Indian Memorial Rd.,,,2024-11-26,97601
USA,OR,Maupin,20440112,234720,,,,2024-11-26,97037
USA,OR,,20252282,235005,,,,2018-10-12,
USA,CA,,20252283,235005,,,,2018-10-12,
USA,NV,,20252284,235005,,,,2018-10-12,
USA,OR,Umatilla,20440349,251914,PO Box 1230,,,2024-11-26,97882
USA,OR,,20438193,232845,,,,2024-11-26,
USA,OR,Prineville,10005677,10005676,Prineville District Office,3050 NE 3rd Street,,2019-05-07,97754
USA,OR,,20438182,232834,MT. HOOD,,,2024-11-26,
USA,OR,Blue River,20440124,234732,,,,2024-11-26,97413
USA,OR,SISTERS,20440506,267078,P.O. BOX 249,,,2024-11-26,97759
USA,OR,TILLER,20439532,234170,27812 TILLER TRAIL HIGHWAY,,,2024-11-26,97484
USA,OR,KLAMATH,20439064,233706,15300 Dead Indian Memorial Rd.,,,2024-11-26,97601
USA,OR,ZIGZAG,20439600,234239,FOREST RD 42,,,2024-11-26,97049
USA,OR,Hines,19957234,262776,Burns District Office,28910 Highway 20 West,,2019-03-11,97730
USA,OR,Timothy Lake,20438213,232865,Skyline Rd,,,2024-11-26,
USA,OR,,20438197,232849,,,,2024-11-26,
USA,OR,Jacksonville,20440601,272277,15111 Upper Applegate Road,,,2024-11-26,97526
USA,OR,Umatilla,20440342,251912,PO Box 1230,,,2024-11-26,97882
USA,OR,,20438192,232844,,,,2024-11-26,
USA,OR,Idleyld Park,20438727,233386,2020 Toketee Ranger Station Rd ,,,2018-11-26,97447
